echo "Welcome in AddressBook database"


UC1: Craete database

mysql> create database addressbook;
Query OK, 1 row affected (0.25 sec)

mysql> show databases;
+--------------------+
| Database           |
+--------------------+
| addressbook        |
| information_schema |
| mysql              |
| payroll_service    |
| performance_schema |
| sys                |
+--------------------+
6 rows in set (0.00 sec)

mysql> use addressbook;
Database changed
mysql> select database();
+-------------+
| database()  |
+-------------+
| addressbook |
+-------------+
1 row in set (0.00 sec)

UC2: create table 

mysql> Create table addressbook
    -> (
    -> firstName varchar(30) not null,
    -> lastName varchar(30) not null,
    -> address varchar(100) not null,
    -> city varchar(30) not null,
    -> state varchar(30) not null,
    -> zip integer not null,
    -> phoneNumber integer not null,
    -> email varchar(30) not null
    -> );
Query OK, 0 rows affected (2.14 sec)

mysql> describe addressbook;
+-------------+--------------+------+-----+---------+-------+
| Field       | Type         | Null | Key | Default | Extra |
+-------------+--------------+------+-----+---------+-------+
| firstName   | varchar(30)  | NO   |     | NULL    |       |
| lastName    | varchar(30)  | NO   |     | NULL    |       |
| address     | varchar(100) | NO   |     | NULL    |       |
| city        | varchar(30)  | NO   |     | NULL    |       |
| state       | varchar(30)  | NO   |     | NULL    |       |
| zip         | int          | NO   |     | NULL    |       |
| phoneNumber | int          | NO   |     | NULL    |       |
| email       | varchar(30)  | NO   |     | NULL    |       |
+-------------+--------------+------+-----+---------+-------+
8 rows in set (0.03 sec)


UC3: Insert data into table

mysql> insert into addressbook (firstName,lastName,address,city,state,zip,phoneNumber,email) values
    -> ('suraj','waichale','latur','latur','maharashtra',413512,8080808,'suraj@gamil.com'),
    ->  ('kiran','patil','Ambegaon','pune','maharashtra',411046,9090909,'kiran@gamil.com'),
    ->  ('prafull','bansode','latur','latur','maharashtra',413512,6060606,'prafull@gamil.com');
Query OK, 3 rows affected (0.25 sec)
Records: 3  Duplicates: 0  Warnings: 0

mysql> select * from addressbook
    -> ;
+-----------+----------+----------+-------+-------------+--------+-------------+-------------------+
| firstName | lastName | address  | city  | state       | zip    | phoneNumber | email             |
+-----------+----------+----------+-------+-------------+--------+-------------+-------------------+
| suraj     | waichale | latur    | latur | maharashtra | 413512 |     8080808 | suraj@gamil.com   |
| kiran     | patil    | Ambegaon | pune  | maharashtra | 411046 |     9090909 | kiran@gamil.com   |
| prafull   | bansode  | latur    | latur | maharashtra | 413512 |     6060606 | prafull@gamil.com |
+-----------+----------+----------+-------+-------------+--------+-------------+-------------------+
3 rows in set (0.09 sec)
